{"data":{"g=0.3_seed=1_state=all_zeros_steps=10":{"meta":{"g":0.3,"max_weight":2,"h":10.0,"Δt":10.0,"heisenberg":false,"task":"STM","s_vec":[1.0,1.0,1.0,1.0,0.0,1.0,1.0,1.0,1.0,0.0],"num_steps":10,"N":4,"Jdict":{"(2, 4)":1.0,"(1, 2)":1.0,"(1, 3)":1.0,"(3, 4)":1.0,"(1, 4)":1.0,"(2, 3)":1.0},"initial_state":"all_zeros","seed":1},"expect_dict":{"Y11Y":[-0.0017898895276504028,-0.0015808156502726644,0.007849220292057252,0.01104364174737584,-0.11148821951019143,0.0116929307133289,0.019299160077899065,0.023670036939820397,0.021785128065584098,-0.09015130264383954],"111X":[0.0,0.0,0.0,0.0,0.0,0.0,0.0,0.0,0.0,0.0],"11ZZ":[0.9884985842390415,0.9771908457938995,0.9757464756968535,0.9795374944931372,0.9451607106323014,0.9368547387729661,0.9407446130383799,0.9493410418236794,0.955540945305346,0.9084219809463311],"1X1X":[0.0710316099683122,0.14305869181472572,0.13539381414638685,0.08268679753555726,0.06327819233367005,0.12241470066617366,0.11041283980773191,0.0529585884103902,0.013518653737159079,0.056199355477989425],"11Y1":[0.0,0.0,0.0,0.0,0.0,0.0,0.0,0.0,0.0,0.0],"Z11Z":[-0.9884985842390416,-0.972264740447225,-0.9683397320415285,-0.970569088903588,0.9409544870108795,-0.9452147615499006,-0.9375225949834048,-0.9349215502170497,-0.9294421457964988,0.8940922962611241],"XX11":[-0.009711526233327144,-0.011521148259186627,-0.005566992321042822,0.0004954042317633147,0.12504467650121784,-0.016692125121418922,-0.005732554644956068,2.9236204899098315e-6,-0.0013373140489182024,0.07609762826027396],"X111":[0.0,0.0,0.0,0.0,0.0,0.0,0.0,0.0,0.0,0.0],"11YY":[-0.059530194207336275,-0.12194256362489837,-0.1191568810161456,-0.08186493927264608,-0.03757647052764608,-0.0993516081695942,-0.10996273419897085,-0.08211249056369523,-0.0696413233251031,-0.05584246193789091],"YY11":[-0.0017898895276515776,-0.0015808156502736522,0.007849220292056387,0.01104364174737483,-0.11148821951019078,0.01169293071332778,0.019299160077897427,0.02367003693981873,0.02178512806558248,-0.0901513026438396],"1Z1Z":[0.9884985842390414,0.9771908457938995,0.9757464756968536,0.9795374944931375,0.9451607106323014,0.9368547387729657,0.9407446130383799,0.9493410418236795,0.9555409453053461,0.9084219809463306],"1YY1":[-0.05953019420733749,-0.12194256362490044,-0.11915688101614824,-0.08186493927264976,-0.03757647052764628,-0.09935160816959605,-0.10996273419897479,-0.0821124905637015,-0.06964132332511203,-0.05584246193790008],"111Y":[0.0,0.0,0.0,0.0,0.0,0.0,0.0,0.0,0.0,0.0],"X11X":[-0.009711526233326197,-0.011521148259185696,-0.005566992321041828,0.0004954042317642496,0.1250446765012187,-0.016692125121418065,-0.00573255464495433,2.923620491475853e-6,-0.0013373140489169723,0.07609762826027465],"1ZZ1":[0.9884985842390416,0.9771908457938995,0.9757464756968538,0.9795374944931375,0.9451607106323017,0.9368547387729657,0.9407446130383798,0.9493410418236792,0.9555409453053456,0.9084219809463306],"1XX1":[0.07103160996831258,0.14305869181472664,0.13539381414638763,0.08268679753555742,0.06327819233366874,0.12241470066617266,0.11041283980773052,0.05295858841038755,0.01351865373715472,0.056199355477986004],"X1X1":[-0.009711526233329184,-0.01152114825918838,-0.0055669923210445805,0.000495404231761314,0.12504467650121723,-0.01669212512142067,-0.005732554644957067,2.9236204886053194e-6,-0.0013373140489199012,0.0760976282602737],"Z1Z1":[-0.9884985842390414,-0.972264740447225,-0.9683397320415281,-0.9705690889035878,0.9409544870108792,-0.945214761549901,-0.9375225949834051,-0.9349215502170497,-0.9294421457964992,0.8940922962611241],"1X11":[0.0,0.0,0.0,0.0,0.0,0.0,0.0,0.0,0.0,0.0],"1Y11":[0.0,0.0,0.0,0.0,0.0,0.0,0.0,0.0,0.0,0.0],"1Y1Y":[-0.05953019420733705,-0.12194256362489948,-0.11915688101614734,-0.08186493927264907,-0.03757647052764685,-0.0993516081695961,-0.10996273419897404,-0.08211249056369962,-0.0696413233251083,-0.055842461937895965],"11X1":[0.0,0.0,0.0,0.0,0.0,0.0,0.0,0.0,0.0,0.0],"Y111":[0.0,0.0,0.0,0.0,0.0,0.0,0.0,0.0,0.0,0.0],"1111":[1.0000000000000164,1.0000000000000329,1.0000000000000495,1.0000000000000657,1.0000000000000246,1.0000000000000406,1.0000000000000564,1.0000000000000722,1.000000000000088,1.0000000000000486],"Y1Y1":[-0.0017898895276535136,-0.0015808156502758349,0.007849220292054091,0.01104364174737276,-0.11148821951018979,0.011692930713325776,0.019299160077895713,0.023670036939817066,0.02178512806558074,-0.09015130264383886],"1Z11":[0.9848412711012495,0.9693549656014765,0.9654144338908459,0.9679775524997772,0.9553383250645786,0.934968472716466,0.925422717317146,0.9235530490986024,0.9197937938129216,0.9067624262787001],"11Z1":[0.9848412711012496,0.9693549656014767,0.9654144338908464,0.9679775524997778,0.9553383250645786,0.9349684727164661,0.9254227173171462,0.9235530490986027,0.9197937938129219,0.9067624262787001],"ZZ11":[-0.9884985842390415,-0.972264740447225,-0.9683397320415281,-0.9705690889035875,0.9409544870108792,-0.9452147615499007,-0.9375225949834048,-0.9349215502170496,-0.9294421457964991,0.8940922962611241],"111Z":[0.9848412711012499,0.9693549656014767,0.9654144338908465,0.9679775524997777,0.9553383250645784,0.9349684727164657,0.925422717317146,0.9235530490986027,0.9197937938129215,0.9067624262786992],"11XX":[0.07103160996831132,0.14305869181472478,0.1353938141463862,0.0826867975355567,0.063278192333671,0.12241470066617519,0.11041283980773489,0.052958588410393866,0.013518653737162573,0.05619935547799254],"Z111":[-0.9913158635447076,-0.9934705528372666,-0.9934336667261856,-0.9932977282528772,0.9440252529654398,-0.9742994640548678,-0.9756488530444096,-0.9780586057880626,-0.9810075561279458,0.9250320378850317]}}}}